orderId,contactId,eventId
O1,C1115,E193
O2,C750,E489
O3,C1094,E330
O4,C1190,E439
O5,C642,E132
O6,C214,E355
O7,C1359,E382
O8,C369,E138
O9,C49,E431
O10,C1076,E331
O11,C1313,E270
O12,C1263,E38
O13,C133,E396
O14,C999,E45
O15,C786,E401
O16,C1190,E464
O17,C1398,E163
O18,C373,E450
O19,C479,E331
O20,C832,E253
O21,C650,E169
O22,C682,E451
O23,C688,E285
O24,C1324,E274
O25,C82,E20
O26,C87,E239
O27,C225,E270
O28,C16,E418
O29,C822,E433
O30,C1382,E310
O31,C163,E31
O32,C514,E314
O33,C350,E104
O34,C681,E170
O35,C1488,E186
O36,C1399,E128
O37,C1116,E210
O38,C181,E414
O39,C743,E281
O40,C1325,E447
O41,C660,E253
O42,C1213,E19
O43,C1338,E200
O44,C493,E220
O45,C923,E136
O46,C128,E223
O47,C1450,E3
O48,C565,E451
O49,C1211,E236
O50,C550,E342
O51,C453,E465
O52,C471,E228
O53,C988,E401
O54,C738,E142
O55,C224,E499
O56,C154,E9
O57,C560,E190
O58,C351,E350
O59,C1171,E405
O60,C349,E460
O61,C182,E165
O62,C637,E480
O63,C1018,E139
O64,C179,E276
O65,C1063,E291
O66,C772,E53
O67,C894,E175
O68,C1027,E110
O69,C1016,E203
O70,C64,E436
O71,C29,E136
O72,C372,E4
O73,C97,E155
O74,C1466,E172
O75,C1227,E424
O76,C1435,E358
O77,C993,E47
O78,C21,E94
O79,C735,E428
O80,C1126,E48
O81,C1070,E240
O82,C66,E347
O83,C603,E213
O84,C1188,E436
O85,C1135,E340
O86,C338,E324
O87,C123,E139
O88,C447,E205
O89,C611,E381
O90,C1315,E73
O91,C671,E4
O92,C1436,E76
O93,C615,E329
O94,C897,E77
O95,C281,E304
O96,C1067,E256
O97,C596,E410
O98,C703,E102
O99,C1075,E106
O100,C210,E333
O101,C126,E39
O102,C492,E476
O103,C960,E314
O104,C970,E275
O105,C581,E88
O106,C777,E211
O107,C258,E369
O108,C1212,E77
O109,C230,E77
O110,C189,E442
O111,C1439,E28
O112,C10,E245
O113,C1138,E66
O114,C1100,E266
O115,C676,E382
O116,C502,E470
O117,C85,E205
O118,C49,E58
O119,C838,E201
O120,C1008,E225
O121,C689,E142
O122,C387,E381
O123,C970,E368
O124,C1413,E84
O125,C1006,E143
O126,C218,E352
O127,C1005,E33
O128,C1370,E401
O129,C1254,E152
O130,C255,E158
O131,C236,E446
O132,C1050,E141
O133,C1285,E446
O134,C271,E251
O135,C123,E303
O136,C656,E112
O137,C1281,E144
O138,C1445,E450
O139,C259,E209
O140,C948,E224
O141,C47,E43
O142,C863,E264
O143,C525,E244
O144,C888,E3
O145,C208,E125
O146,C1335,E268
O147,C747,E84
O148,C149,E16
O149,C438,E334
O150,C155,E464
O151,C1114,E59
O152,C358,E177
O153,C1198,E63
O154,C1241,E446
O155,C456,E491
O156,C776,E49
O157,C629,E307
O158,C1223,E246
O159,C832,E289
O160,C486,E286
O161,C533,E443
O162,C200,E332
O163,C371,E15
O164,C1014,E338
O165,C853,E255
O166,C1472,E92
O167,C248,E279
O168,C788,E206
O169,C264,E94
O170,C1082,E225
O171,C1326,E301
O172,C31,E318
O173,C1273,E463
O174,C605,E199
O175,C1295,E271
O176,C1418,E500
O177,C502,E234
O178,C1108,E46
O179,C1389,E64
O180,C886,E230
O181,C549,E430
O182,C1366,E440
O183,C839,E249
O184,C1431,E246
O185,C1449,E428
O186,C1117,E75
O187,C848,E157
O188,C614,E223
O189,C412,E190
O190,C432,E473
O191,C678,E52
O192,C159,E438
O193,C14,E88
O194,C373,E313
O195,C225,E339
O196,C1097,E66
O197,C1273,E150
O198,C511,E20
O199,C603,E33
O200,C216,E328
O201,C988,E281
O202,C1244,E46
O203,C840,E73
O204,C727,E354
O205,C1245,E313
O206,C1413,E343
O207,C554,E133
O208,C1066,E55
O209,C676,E61
O210,C873,E345
O211,C283,E8
O212,C1082,E272
O213,C834,E246
O214,C537,E176
O215,C1097,E493
O216,C923,E116
O217,C1153,E317
O218,C842,E271
O219,C1450,E193
O220,C948,E150
O221,C665,E131
O222,C1149,E102
O223,C67,E310
O224,C6,E270
O225,C637,E292
O226,C314,E210
O227,C1350,E495
O228,C565,E361
O229,C826,E338
O230,C506,E67
O231,C1106,E10
O232,C1026,E49
O233,C204,E487
O234,C662,E111
O235,C805,E321
O236,C404,E219
O237,C1127,E57
O238,C536,E283
O239,C1392,E459
O240,C1236,E113
O241,C577,E133
O242,C1233,E71
O243,C763,E83
O244,C117,E57
O245,C628,E376
O246,C749,E349
O247,C105,E271
O248,C495,E483
O249,C46,E111
O250,C823,E357
O251,C1355,E375
O252,C1240,E76
O253,C982,E158
O254,C960,E20
O255,C845,E421
O256,C449,E131
O257,C536,E329
O258,C511,E122
O259,C1482,E41
O260,C540,E167
O261,C16,E410
O262,C243,E130
O263,C1231,E23
O264,C912,E279
O265,C1295,E251
O266,C761,E469
O267,C705,E400
O268,C115,E9
O269,C1323,E13
O270,C397,E412
O271,C394,E411
O272,C1099,E307
O273,C978,E320
O274,C1127,E52
O275,C297,E209
O276,C1002,E38
O277,C178,E100
O278,C1239,E193
O279,C967,E402
O280,C315,E191
O281,C1063,E51
O282,C259,E393
O283,C7,E141
O284,C49,E168
O285,C161,E311
O286,C176,E109
O287,C1026,E207
O288,C1001,E427
O289,C455,E300
O290,C276,E110
O291,C498,E196
O292,C676,E417
O293,C1052,E152
O294,C1357,E420
O295,C1025,E243
O296,C1212,E128
O297,C56,E105
O298,C547,E10
O299,C1136,E356
O300,C1334,E148
O301,C36,E489
O302,C439,E365
O303,C595,E364
O304,C1349,E459
O305,C307,E140
O306,C619,E190
O307,C1133,E402
O308,C1396,E94
O309,C357,E492
O310,C181,E496
O311,C1380,E229
O312,C68,E63
O313,C292,E340
O314,C692,E25
O315,C181,E268
O316,C1490,E405
O317,C434,E281
O318,C1488,E11
O319,C914,E320
O320,C66,E201
O321,C1045,E126
O322,C384,E306
O323,C39,E190
O324,C1309,E89
O325,C822,E355
O326,C602,E116
O327,C785,E352
O328,C1360,E177
O329,C1212,E14
O330,C671,E257
O331,C1267,E209
O332,C1097,E281
O333,C479,E443
O334,C561,E328
O335,C101,E325
O336,C514,E389
O337,C176,E105
O338,C238,E483
O339,C910,E147
O340,C1083,E279
O341,C1123,E9
O342,C871,E118
O343,C495,E94
O344,C947,E434
O345,C755,E144
O346,C1321,E289
O347,C211,E386
O348,C1147,E14
O349,C1253,E494
O350,C1412,E257
O351,C140,E346
O352,C541,E186
O353,C1415,E345
O354,C270,E400
O355,C1036,E207
O356,C1413,E346
O357,C1361,E431
O358,C506,E172
O359,C1130,E464
O360,C32,E270
O361,C1098,E221
O362,C1195,E152
O363,C1093,E111
O364,C813,E183
O365,C362,E399
O366,C1457,E339
O367,C929,E72
O368,C100,E418
O369,C9,E386
O370,C697,E283
O371,C1053,E74
O372,C1138,E355
O373,C462,E215
O374,C921,E497
O375,C1167,E328
O376,C390,E476
O377,C632,E23
O378,C682,E68
O379,C157,E398
O380,C335,E447
O381,C260,E373
O382,C82,E362
O383,C754,E93
O384,C1465,E321
O385,C1196,E324
O386,C1255,E384
O387,C720,E63
O388,C75,E224
O389,C1294,E225
O390,C626,E369
O391,C62,E346
O392,C874,E337
O393,C320,E103
O394,C102,E215
O395,C1453,E192
O396,C874,E160
O397,C954,E372
O398,C255,E207
O399,C570,E269
O400,C112,E194
O401,C985,E380
O402,C1337,E403
O403,C998,E152
O404,C461,E237
O405,C708,E88
O406,C887,E11
O407,C1486,E187
O408,C1116,E214
O409,C1076,E15
O410,C520,E266
O411,C812,E297
O412,C1122,E411
O413,C236,E444
O414,C1398,E73
O415,C927,E52
O416,C557,E128
O417,C649,E28
O418,C234,E65
O419,C1056,E17
O420,C1313,E351
O421,C579,E428
O422,C542,E138
O423,C114,E319
O424,C204,E229
O425,C1053,E254
O426,C643,E477
O427,C474,E210
O428,C697,E431
O429,C253,E294
O430,C905,E231
O431,C386,E241
O432,C62,E70
O433,C515,E104
O434,C430,E204
O435,C580,E53
O436,C1165,E462
O437,C743,E428
O438,C1324,E375
O439,C675,E330
O440,C311,E54
O441,C471,E276
O442,C1417,E335
O443,C1469,E31
O444,C809,E135
O445,C172,E58
O446,C576,E105
O447,C31,E266
O448,C47,E10
O449,C130,E496
O450,C352,E253
O451,C978,E295
O452,C58,E156
O453,C1130,E158
O454,C812,E37
O455,C1354,E119
O456,C768,E67
O457,C683,E242
O458,C1407,E299
O459,C1186,E463
O460,C997,E213
O461,C286,E308
O462,C1095,E101
O463,C1478,E56
O464,C886,E332
O465,C397,E324
O466,C26,E239
O467,C313,E393
O468,C126,E231
O469,C1432,E362
O470,C1222,E381
O471,C811,E92
O472,C188,E279
O473,C698,E447
O474,C810,E109
O475,C716,E317
O476,C450,E168
O477,C523,E300
O478,C1378,E470
O479,C986,E408
O480,C658,E435
O481,C597,E442
O482,C100,E218
O483,C616,E222
O484,C948,E161
O485,C556,E16
O486,C278,E278
O487,C491,E497
O488,C255,E57
O489,C381,E62
O490,C892,E498
O491,C542,E363
O492,C1288,E466
O493,C825,E327
O494,C879,E242
O495,C1353,E90
O496,C1139,E72
O497,C1300,E326
O498,C281,E30
O499,C1299,E359
O500,C773,E407
O501,C843,E288
O502,C719,E86
O503,C328,E234
O504,C211,E235
O505,C727,E313
O506,C923,E365
O507,C552,E265
O508,C26,E287
O509,C27,E327
O510,C702,E393
O511,C1107,E269
O512,C682,E186
O513,C413,E131
O514,C167,E291
O515,C169,E481
O516,C229,E277
O517,C367,E320
O518,C528,E351
O519,C791,E180
O520,C524,E290
O521,C1096,E480
O522,C106,E377
O523,C732,E163
O524,C965,E271
O525,C1306,E376
O526,C133,E96
O527,C534,E262
O528,C975,E365
O529,C269,E469
O530,C1436,E353
O531,C673,E288
O532,C791,E436
O533,C18,E83
O534,C117,E225
O535,C798,E412
O536,C1168,E223
O537,C551,E469
O538,C929,E118
O539,C753,E482
O540,C422,E192
O541,C1393,E79
O542,C646,E78
O543,C558,E147
O544,C50,E107
O545,C678,E382
O546,C106,E271
O547,C1240,E390
O548,C658,E244
O549,C1449,E73
O550,C1096,E357
O551,C988,E468
O552,C842,E354
O553,C446,E422
O554,C1210,E26
O555,C70,E210
O556,C150,E92
O557,C1270,E125
O558,C774,E435
O559,C1123,E73
O560,C1302,E480
O561,C944,E123
O562,C455,E309
O563,C1128,E184
O564,C946,E187
O565,C601,E198
O566,C653,E78
O567,C725,E348
O568,C233,E186
O569,C1418,E344
O570,C251,E253
O571,C79,E13
O572,C1076,E299
O573,C898,E76
O574,C921,E51
O575,C781,E275
O576,C226,E149
O577,C1075,E219
O578,C1210,E122
O579,C1058,E211
O580,C803,E280
O581,C742,E26
O582,C131,E173
O583,C1023,E156
O584,C632,E238
O585,C1467,E376
O586,C838,E82
O587,C759,E492
O588,C1456,E356
O589,C704,E490
O590,C497,E413
O591,C1427,E273
O592,C323,E68
O593,C1234,E44
O594,C615,E493
O595,C329,E61
O596,C1396,E123
O597,C1484,E349
O598,C133,E196
O599,C835,E330
O600,C651,E409
O601,C121,E479
O602,C606,E323
O603,C1476,E111
O604,C965,E258
O605,C129,E89
O606,C1115,E433
O607,C29,E198
O608,C722,E282
O609,C333,E200
O610,C1321,E99
O611,C1154,E27
O612,C1317,E89
O613,C1197,E146
O614,C944,E182
O615,C1048,E257
O616,C1123,E189
O617,C1430,E240
O618,C356,E359
O619,C139,E387
O620,C1198,E196
O621,C29,E297
O622,C931,E165
O623,C496,E307
O624,C1014,E271
O625,C655,E8
O626,C828,E38
O627,C351,E114
O628,C554,E339
O629,C299,E56
O630,C1216,E431
O631,C64,E474
O632,C755,E359
O633,C770,E138
O634,C1239,E102
O635,C834,E334
O636,C166,E177
O637,C1256,E169
O638,C1219,E339
O639,C506,E286
O640,C1358,E261
O641,C793,E375
O642,C1328,E223
O643,C833,E199
O644,C1461,E211
O645,C1347,E287
O646,C858,E180
O647,C1417,E250
O648,C806,E231
O649,C1173,E472
O650,C761,E482
O651,C833,E23
O652,C1429,E48
O653,C283,E109
O654,C1386,E296
O655,C379,E6
O656,C198,E38
O657,C1015,E169
O658,C1024,E356
O659,C556,E283
O660,C356,E203
O661,C1453,E325
O662,C1041,E313
O663,C639,E273
O664,C379,E244
O665,C680,E327
O666,C506,E475
O667,C899,E47
O668,C76,E249
O669,C231,E79
O670,C962,E110
O671,C1272,E13
O672,C302,E395
O673,C726,E380
O674,C215,E365
O675,C1182,E90
O676,C69,E342
O677,C393,E348
O678,C1109,E280
O679,C267,E221
O680,C1093,E73
O681,C611,E234
O682,C1371,E260
O683,C1009,E113
O684,C962,E46
O685,C728,E274
O686,C673,E43
O687,C423,E208
O688,C1198,E417
O689,C115,E349
O690,C220,E103
O691,C31,E124
O692,C1367,E10
O693,C1401,E329
O694,C1154,E187
O695,C617,E31
O696,C539,E156
O697,C739,E60
O698,C1026,E249
O699,C871,E387
O700,C101,E374
O701,C1082,E439
O702,C1413,E270
O703,C692,E442
O704,C941,E217
O705,C341,E399
O706,C861,E2
O707,C1044,E24
O708,C1279,E206
O709,C1341,E320
O710,C38,E496
O711,C660,E199
O712,C1410,E356
O713,C928,E114
O714,C1050,E280
O715,C454,E155
O716,C1347,E165
O717,C737,E486
O718,C819,E222
O719,C773,E91
O720,C13,E167
O721,C915,E447
O722,C921,E207
O723,C825,E282
O724,C371,E65
O725,C1315,E376
O726,C332,E4
O727,C261,E157
O728,C1229,E249
O729,C697,E257
O730,C687,E235
O731,C950,E306
O732,C387,E366
O733,C821,E470
O734,C468,E395
O735,C1439,E74
O736,C69,E187
O737,C1496,E62
O738,C1128,E337
O739,C1185,E164
O740,C200,E56
O741,C216,E111
O742,C212,E218
O743,C508,E240
O744,C16,E21
O745,C884,E141
O746,C332,E265
O747,C717,E139
O748,C551,E459
O749,C942,E70
O750,C256,E385
O751,C992,E118
O752,C728,E198
O753,C880,E205
O754,C815,E214
O755,C1196,E56
O756,C649,E287
O757,C1000,E470
O758,C471,E293
O759,C1408,E175
O760,C690,E347
O761,C700,E370
O762,C507,E500
O763,C992,E462
O764,C1010,E128
O765,C804,E431
O766,C831,E378
O767,C1349,E325
O768,C214,E442
O769,C1232,E292
O770,C169,E288
O771,C1354,E226
O772,C1304,E64
O773,C978,E455
O774,C1329,E426
O775,C146,E48
O776,C516,E202
O777,C1114,E498
O778,C453,E337
O779,C60,E414
O780,C1335,E405
O781,C528,E60
O782,C1251,E397
O783,C1024,E257
O784,C474,E65
O785,C757,E239
O786,C782,E289
O787,C1103,E38
O788,C433,E25
O789,C1177,E410
O790,C401,E461
O791,C1303,E59
O792,C57,E476
O793,C1003,E417
O794,C186,E357
O795,C398,E383
O796,C605,E297
O797,C788,E158
O798,C158,E57
O799,C1383,E433
O800,C1464,E48
O801,C589,E328
O802,C466,E433
O803,C446,E431
O804,C801,E56
O805,C1097,E65
O806,C929,E268
O807,C17,E69
O808,C731,E216
O809,C326,E390
O810,C995,E89
O811,C613,E449
O812,C546,E281
O813,C596,E257
O814,C921,E160
O815,C842,E490
O816,C1226,E234
O817,C344,E131
O818,C859,E49
O819,C1424,E147
O820,C1242,E316
O821,C445,E491
O822,C222,E413
O823,C1407,E434
O824,C592,E2
O825,C1031,E329
O826,C1296,E440
O827,C1018,E145
O828,C16,E444
O829,C1448,E366
O830,C524,E420
O831,C803,E61
O832,C21,E273
O833,C228,E49
O834,C1008,E332
O835,C1312,E444
O836,C809,E404
O837,C1158,E434
O838,C1307,E131
O839,C404,E43
O840,C1090,E57
O841,C437,E50
O842,C829,E452
O843,C934,E465
O844,C259,E178
O845,C103,E293
O846,C993,E46
O847,C769,E170
O848,C1125,E271
O849,C1222,E417
O850,C813,E336
O851,C226,E139
O852,C943,E247
O853,C463,E148
O854,C237,E230
O855,C1050,E280
O856,C1145,E125
O857,C506,E192
O858,C1206,E374
O859,C814,E80
O860,C767,E94
O861,C634,E226
O862,C1339,E65
O863,C991,E88
O864,C618,E88
O865,C273,E201
O866,C232,E214
O867,C1444,E204
O868,C768,E401
O869,C1466,E382
O870,C496,E89
O871,C1048,E476
O872,C1133,E61
O873,C502,E271
O874,C25,E94
O875,C1211,E307
O876,C288,E27
O877,C338,E214
O878,C1061,E74
O879,C137,E61
O880,C508,E186
O881,C227,E31
O882,C320,E219
O883,C916,E12
O884,C1206,E302
O885,C86,E415
O886,C1491,E32
O887,C926,E160
O888,C53,E489
O889,C860,E237
O890,C867,E227
O891,C1259,E181
O892,C433,E317
O893,C999,E46
O894,C100,E341
O895,C990,E458
O896,C599,E80
O897,C403,E135
O898,C396,E260
O899,C415,E475
O900,C939,E308
O901,C677,E247
O902,C463,E473
O903,C541,E159
O904,C1388,E203
O905,C1154,E112
O906,C84,E468
O907,C271,E292
O908,C244,E438
O909,C388,E310
O910,C214,E119
O911,C818,E383
O912,C1190,E17
O913,C59,E493
O914,C883,E331
O915,C843,E414
O916,C924,E227
O917,C123,E361
O918,C1437,E486
O919,C1163,E406
O920,C1253,E117
O921,C1298,E43
O922,C439,E368
O923,C1022,E115
O924,C562,E283
O925,C118,E37
O926,C905,E302
O927,C395,E113
O928,C876,E35
O929,C1484,E132
O930,C935,E336
O931,C1102,E336
O932,C952,E469
O933,C1436,E410
O934,C75,E377
O935,C295,E228
O936,C21,E147
O937,C1195,E122
O938,C1039,E81
O939,C1235,E173
O940,C560,E154
O941,C1110,E150
O942,C1173,E375
O943,C372,E58
O944,C818,E63
O945,C1175,E156
O946,C1165,E449
O947,C1093,E428
O948,C1284,E356
O949,C846,E427
O950,C521,E421
O951,C371,E322
O952,C1443,E401
O953,C101,E168
O954,C661,E166
O955,C968,E85
O956,C243,E445
O957,C753,E137
O958,C512,E461
O959,C849,E459
O960,C555,E189
O961,C1119,E464
O962,C226,E400
O963,C214,E379
O964,C718,E2
O965,C67,E106
O966,C396,E364
O967,C612,E72
O968,C1036,E427
O969,C1261,E126
O970,C770,E170
O971,C1423,E205
O972,C407,E313
O973,C925,E337
O974,C647,E487
O975,C222,E472
O976,C1180,E195
O977,C654,E158
O978,C428,E500
O979,C1182,E141
O980,C977,E275
O981,C1440,E7
O982,C1006,E393
O983,C1350,E467
O984,C371,E493
O985,C1368,E54
O986,C1286,E104
O987,C1307,E342
O988,C850,E338
O989,C856,E61
O990,C229,E87
O991,C280,E258
O992,C1314,E178
O993,C1071,E242
O994,C975,E203
O995,C1238,E31
O996,C758,E289
O997,C1048,E462
O998,C321,E80
O999,C274,E11
O1000,C556,E417
O1001,C844,E254
O1002,C1337,E384
O1003,C1387,E391
O1004,C668,E384
O1005,C1000,E287
O1006,C380,E176
O1007,C711,E126
O1008,C1494,E494
O1009,C746,E47
O1010,C675,E206
O1011,C116,E476
O1012,C605,E437
O1013,C1066,E107
O1014,C379,E464
O1015,C1230,E275
O1016,C466,E337
O1017,C280,E123
O1018,C618,E474
O1019,C118,E134
O1020,C1261,E107
O1021,C309,E305
O1022,C1480,E329
O1023,C1499,E50
O1024,C100,E337
O1025,C261,E95
O1026,C993,E268
O1027,C1329,E23
O1028,C1378,E54
O1029,C286,E374
O1030,C328,E254
O1031,C1127,E453
O1032,C63,E235
O1033,C687,E484
O1034,C1306,E59
O1035,C1465,E164
O1036,C1317,E259
O1037,C738,E314
O1038,C1031,E216
O1039,C639,E183
O1040,C936,E57
O1041,C1116,E145
O1042,C1214,E423
O1043,C476,E90
O1044,C1486,E452
O1045,C53,E311
O1046,C754,E45
O1047,C486,E460
O1048,C1388,E257
O1049,C1136,E21
O1050,C409,E467
O1051,C1031,E21
O1052,C668,E52
O1053,C1221,E338
O1054,C835,E171
O1055,C876,E436
O1056,C367,E67
O1057,C1002,E113
O1058,C250,E300
O1059,C1264,E160
O1060,C380,E266
O1061,C872,E320
O1062,C835,E232
O1063,C1495,E463
O1064,C775,E325
O1065,C919,E68
O1066,C455,E28
O1067,C366,E437
O1068,C1314,E116
O1069,C403,E51
O1070,C58,E181
O1071,C521,E260
O1072,C1328,E79
O1073,C1139,E273
O1074,C210,E108
O1075,C1065,E451
O1076,C816,E74
O1077,C173,E175
O1078,C234,E490
O1079,C793,E184
O1080,C793,E23
O1081,C1427,E274
O1082,C1063,E129
O1083,C119,E291
O1084,C335,E320
O1085,C1360,E186
O1086,C1098,E479
O1087,C1215,E59
O1088,C324,E492
O1089,C1011,E1
O1090,C1171,E131
O1091,C284,E67
O1092,C213,E293
O1093,C929,E467
O1094,C752,E285
O1095,C1418,E89
O1096,C339,E417
O1097,C1046,E100
O1098,C105,E189
O1099,C1490,E477
O1100,C1483,E378
O1101,C1456,E346
O1102,C770,E388
O1103,C716,E241
O1104,C763,E270
O1105,C1245,E498
O1106,C379,E219
O1107,C1246,E417
O1108,C1282,E406
O1109,C713,E176
O1110,C1391,E387
O1111,C1373,E471
O1112,C225,E341
O1113,C738,E233
O1114,C236,E151
O1115,C183,E452
O1116,C712,E277
O1117,C444,E229
O1118,C623,E171
O1119,C1030,E223
O1120,C1260,E213
O1121,C1151,E282
O1122,C1128,E41
O1123,C749,E122
O1124,C155,E227
O1125,C257,E294
O1126,C235,E88
O1127,C500,E267
O1128,C289,E489
O1129,C510,E29
O1130,C709,E495
O1131,C785,E247
O1132,C894,E316
O1133,C776,E451
O1134,C298,E449
O1135,C137,E244
O1136,C376,E61
O1137,C87,E147
O1138,C1443,E174
O1139,C1223,E433
O1140,C1487,E278
O1141,C437,E334
O1142,C1334,E369
O1143,C1305,E441
O1144,C1347,E379
O1145,C764,E142
O1146,C702,E44
O1147,C942,E144
O1148,C152,E353
O1149,C1326,E333
O1150,C1302,E486
O1151,C1032,E497
O1152,C807,E396
O1153,C235,E55
O1154,C675,E307
O1155,C561,E358
O1156,C1326,E423
O1157,C38,E417
O1158,C1160,E161
O1159,C822,E285
O1160,C421,E325
O1161,C1243,E198
O1162,C348,E159
O1163,C1103,E80
O1164,C748,E31
O1165,C273,E473
O1166,C1185,E112
O1167,C308,E46
O1168,C1398,E353
O1169,C976,E205
O1170,C733,E52
O1171,C1033,E138
O1172,C444,E472
O1173,C1137,E74
O1174,C1229,E41
O1175,C405,E479
O1176,C853,E77
O1177,C1221,E387
O1178,C778,E187
O1179,C115,E370
O1180,C1145,E52
O1181,C65,E418
O1182,C1300,E433
O1183,C825,E412
O1184,C239,E467
O1185,C302,E87
O1186,C1416,E109
O1187,C969,E480
O1188,C369,E397
O1189,C233,E225
O1190,C195,E482
O1191,C907,E481
O1192,C1036,E248
O1193,C921,E69
O1194,C689,E120
O1195,C177,E67
O1196,C217,E61
O1197,C1035,E444
O1198,C1470,E327
O1199,C630,E408
O1200,C164,E191
O1201,C53,E470
O1202,C218,E493
O1203,C999,E189
O1204,C824,E151
O1205,C1384,E286
O1206,C385,E444
O1207,C56,E402
O1208,C118,E96
O1209,C900,E312
O1210,C1277,E309
O1211,C798,E263
O1212,C780,E97
O1213,C1016,E453
O1214,C803,E113
O1215,C845,E476
O1216,C1204,E125
O1217,C1439,E456
O1218,C1259,E463
O1219,C855,E436
O1220,C708,E132
O1221,C1104,E418
O1222,C22,E453
O1223,C843,E417
O1224,C1464,E121
O1225,C1117,E197
O1226,C192,E294
O1227,C1019,E482
O1228,C1127,E122
O1229,C396,E282
O1230,C1031,E385
O1231,C640,E260
O1232,C1019,E39
O1233,C567,E54
O1234,C231,E474
O1235,C874,E161
O1236,C574,E289
O1237,C240,E200
O1238,C90,E276
O1239,C232,E16
O1240,C457,E405
O1241,C233,E173
O1242,C354,E248
O1243,C1005,E383
O1244,C1357,E218
O1245,C439,E87
O1246,C1399,E82
O1247,C1316,E62
O1248,C345,E287
O1249,C664,E500
O1250,C1452,E42
O1251,C657,E12
O1252,C130,E321
O1253,C141,E234
O1254,C415,E329
O1255,C1117,E131
O1256,C626,E115
O1257,C284,E218
O1258,C223,E137
O1259,C744,E106
O1260,C463,E179
O1261,C1300,E16
O1262,C1164,E472
O1263,C357,E242
O1264,C1047,E334
O1265,C1294,E381
O1266,C859,E387
O1267,C665,E226
O1268,C1357,E481
O1269,C1015,E242
O1270,C85,E408
O1271,C621,E457
O1272,C1055,E141
O1273,C240,E386
O1274,C363,E199
O1275,C822,E112
O1276,C1413,E127
O1277,C668,E21
O1278,C1323,E147
O1279,C1395,E89
O1280,C99,E303
O1281,C47,E406
O1282,C839,E203
O1283,C422,E417
O1284,C62,E416
O1285,C1133,E448
O1286,C1143,E85
O1287,C1010,E167
O1288,C598,E384
O1289,C1406,E468
O1290,C392,E72
O1291,C977,E298
O1292,C1076,E485
O1293,C603,E9
O1294,C1313,E281
O1295,C337,E473
O1296,C810,E481
O1297,C1228,E258
O1298,C1262,E275
O1299,C1406,E238
O1300,C752,E20
O1301,C1160,E490
O1302,C1431,E233
O1303,C1386,E490
O1304,C1405,E221
O1305,C881,E326
O1306,C635,E17
O1307,C254,E380
O1308,C1138,E89
O1309,C20,E486
O1310,C528,E196
O1311,C1169,E350
O1312,C1232,E84
O1313,C376,E387
O1314,C166,E87
O1315,C1205,E307
O1316,C861,E338
O1317,C617,E154
O1318,C612,E440
O1319,C1468,E228
O1320,C1356,E448
O1321,C503,E264
O1322,C913,E465
O1323,C79,E223
O1324,C585,E421
O1325,C688,E493
O1326,C396,E121
O1327,C1127,E481
O1328,C402,E411
O1329,C975,E173
O1330,C224,E4
O1331,C518,E342
O1332,C634,E128
O1333,C236,E474
O1334,C1451,E480
O1335,C116,E472
O1336,C1187,E110
O1337,C226,E355
O1338,C230,E37
O1339,C182,E480
O1340,C1273,E71
O1341,C1342,E289
O1342,C210,E31
O1343,C1416,E439
O1344,C96,E381
O1345,C894,E268
O1346,C756,E11
O1347,C1110,E344
O1348,C415,E328
O1349,C394,E32
O1350,C696,E57
O1351,C844,E166
O1352,C604,E188
O1353,C582,E342
O1354,C133,E482
O1355,C791,E19
O1356,C649,E116
O1357,C1338,E468
O1358,C221,E184
O1359,C976,E270
O1360,C1462,E33
O1361,C1070,E10
O1362,C1216,E80
O1363,C1403,E192
O1364,C788,E320
O1365,C691,E190
O1366,C1358,E68
O1367,C39,E475
O1368,C1317,E348
O1369,C690,E125
O1370,C162,E427
O1371,C1355,E336
O1372,C1128,E59
O1373,C161,E436
O1374,C1078,E97
O1375,C1058,E496
O1376,C242,E275
O1377,C967,E149
O1378,C890,E278
O1379,C113,E265
O1380,C1014,E9
O1381,C318,E457
O1382,C23,E283
O1383,C824,E273
O1384,C1142,E428
O1385,C701,E301
O1386,C1019,E8
O1387,C1236,E208
O1388,C1442,E402
O1389,C1137,E125
O1390,C1068,E123
O1391,C128,E33
O1392,C876,E1
O1393,C158,E204
O1394,C827,E6
O1395,C1418,E297
O1396,C852,E439
O1397,C512,E5
O1398,C45,E443
O1399,C1132,E80
O1400,C219,E274
O1401,C443,E177
O1402,C315,E338
O1403,C177,E321
O1404,C228,E339
O1405,C267,E438
O1406,C870,E445
O1407,C838,E136
O1408,C1403,E387
O1409,C489,E25
O1410,C702,E325
O1411,C687,E183
O1412,C1314,E168
O1413,C996,E467
O1414,C357,E338
O1415,C872,E178
O1416,C204,E373
O1417,C1237,E95
O1418,C552,E33
O1419,C323,E111
O1420,C594,E146
O1421,C181,E381
O1422,C499,E441
O1423,C1344,E231
O1424,C83,E272
O1425,C303,E336
O1426,C262,E495
O1427,C784,E38
O1428,C1224,E425
O1429,C1264,E135
O1430,C914,E334
O1431,C692,E235
O1432,C944,E437
O1433,C683,E319
O1434,C1319,E368
O1435,C689,E345
O1436,C396,E160
O1437,C1162,E38
O1438,C839,E150
O1439,C878,E400
O1440,C823,E308
O1441,C1153,E29
O1442,C49,E144
O1443,C789,E76
O1444,C293,E145
O1445,C536,E229
O1446,C311,E64
O1447,C537,E347
O1448,C639,E345
O1449,C234,E269
O1450,C1233,E328
O1451,C605,E184
O1452,C94,E261
O1453,C327,E268
O1454,C225,E169
O1455,C967,E259
O1456,C890,E227
O1457,C11,E33
O1458,C1353,E377
O1459,C1036,E214
O1460,C35,E50
O1461,C447,E440
O1462,C1476,E492
O1463,C1244,E393
O1464,C441,E489
O1465,C653,E210
O1466,C595,E434
O1467,C229,E29
O1468,C344,E39
O1469,C1104,E347
O1470,C1377,E100
O1471,C1420,E173
O1472,C1314,E17
O1473,C1479,E56
O1474,C989,E226
O1475,C1152,E46
O1476,C909,E67
O1477,C1383,E197
O1478,C527,E142
O1479,C1337,E323
O1480,C75,E23
O1481,C196,E487
O1482,C29,E94
O1483,C706,E242
O1484,C1021,E237
O1485,C16,E445
O1486,C1447,E407
O1487,C805,E411
O1488,C1429,E54
O1489,C940,E138
O1490,C967,E473
O1491,C1101,E333
O1492,C229,E272
O1493,C962,E41
O1494,C1321,E98
O1495,C715,E183
O1496,C984,E128
O1497,C573,E229
O1498,C615,E317
O1499,C326,E86
O1500,C1387,E256
O1501,C875,E209
O1502,C359,E215
O1503,C324,E374
O1504,C1350,E100
O1505,C165,E49
O1506,C798,E201
O1507,C455,E436
O1508,C1177,E258
O1509,C1151,E480
O1510,C193,E376
O1511,C627,E178
O1512,C530,E245
O1513,C1034,E123
O1514,C92,E342
O1515,C139,E171
O1516,C481,E333
O1517,C449,E136
O1518,C1357,E59
O1519,C869,E193
O1520,C340,E465
O1521,C1076,E268
O1522,C466,E260
O1523,C718,E373
O1524,C799,E461
O1525,C475,E95
O1526,C401,E125
O1527,C1463,E41
O1528,C605,E379
O1529,C932,E254
O1530,C997,E7
O1531,C922,E471
O1532,C821,E216
O1533,C657,E69
O1534,C598,E69
O1535,C1177,E81
O1536,C514,E30
O1537,C1030,E73
O1538,C500,E262
O1539,C717,E89
O1540,C1142,E403
O1541,C601,E208
O1542,C666,E213
O1543,C468,E322
O1544,C161,E266
O1545,C270,E400
O1546,C1080,E293
O1547,C228,E207
O1548,C849,E333
O1549,C149,E77
O1550,C1070,E288
O1551,C1168,E493
O1552,C632,E47
O1553,C1364,E110
O1554,C413,E200
O1555,C520,E427
O1556,C1368,E210
O1557,C387,E376
O1558,C1497,E420
O1559,C275,E154
O1560,C353,E10
O1561,C1090,E415
O1562,C1103,E353
O1563,C598,E157
O1564,C1226,E261
O1565,C558,E77
O1566,C113,E257
O1567,C1115,E471
O1568,C141,E488
O1569,C1313,E131
O1570,C730,E67
O1571,C589,E455
O1572,C411,E228
O1573,C377,E163
O1574,C1408,E15
O1575,C1176,E232
O1576,C751,E195
O1577,C627,E349
O1578,C1343,E30
O1579,C1393,E359
O1580,C995,E338
O1581,C703,E331
O1582,C462,E427
O1583,C12,E497
O1584,C1180,E316
O1585,C477,E486
O1586,C939,E296
O1587,C401,E449
O1588,C808,E413
O1589,C177,E330
O1590,C1365,E220
O1591,C57,E377
O1592,C448,E479
O1593,C203,E147
O1594,C738,E259
O1595,C202,E292
O1596,C1354,E299
O1597,C363,E143
O1598,C892,E481
O1599,C454,E425
O1600,C356,E235
O1601,C216,E115
O1602,C972,E365
O1603,C555,E90
O1604,C887,E208
O1605,C23,E164
O1606,C155,E481
O1607,C1210,E84
O1608,C249,E77
O1609,C749,E161
O1610,C805,E5
O1611,C134,E485
O1612,C321,E78
O1613,C390,E91
O1614,C434,E87
O1615,C1046,E270
O1616,C873,E104
O1617,C1149,E452
O1618,C1103,E487
O1619,C858,E500
O1620,C51,E339
O1621,C176,E175
O1622,C870,E54
O1623,C253,E388
O1624,C966,E478
O1625,C1270,E211
O1626,C739,E95
O1627,C1130,E223
O1628,C1217,E9
O1629,C1340,E53
O1630,C302,E77
O1631,C548,E206
O1632,C716,E316
O1633,C779,E302
O1634,C268,E310
O1635,C1194,E330
O1636,C1010,E112
O1637,C551,E351
O1638,C1479,E165
O1639,C1316,E279
O1640,C1165,E27
O1641,C1170,E70
O1642,C1449,E218
O1643,C314,E450
O1644,C184,E365
O1645,C713,E189
O1646,C128,E333
O1647,C1311,E435
O1648,C1277,E306
O1649,C700,E124
O1650,C386,E19
O1651,C1254,E257
O1652,C271,E296
O1653,C811,E416
O1654,C415,E22
O1655,C198,E368
O1656,C1347,E477
O1657,C1080,E450
O1658,C831,E40
O1659,C1227,E38
O1660,C628,E48
O1661,C604,E183
O1662,C1162,E75
O1663,C1446,E209
O1664,C1081,E183
O1665,C1010,E435
O1666,C71,E107
O1667,C911,E188
O1668,C594,E264
O1669,C1396,E86
O1670,C600,E324
O1671,C514,E331
O1672,C84,E456
O1673,C994,E137
O1674,C1067,E346
O1675,C839,E386
O1676,C606,E336
O1677,C810,E95
O1678,C133,E326
O1679,C1419,E245
O1680,C1089,E469
O1681,C290,E90
O1682,C376,E59
O1683,C769,E403
O1684,C467,E28
O1685,C1237,E72
O1686,C1172,E270
O1687,C471,E24
O1688,C149,E112
O1689,C88,E300
O1690,C1348,E485
O1691,C396,E56
O1692,C790,E474
O1693,C1428,E223
O1694,C1106,E120
O1695,C1310,E179
O1696,C1406,E288
O1697,C865,E434
O1698,C1294,E425
O1699,C1316,E450
O1700,C1477,E281
O1701,C24,E372
O1702,C956,E492
O1703,C311,E189
O1704,C1485,E66
O1705,C1232,E298
O1706,C664,E449
O1707,C438,E420
O1708,C706,E249
O1709,C1360,E76
O1710,C422,E137
O1711,C321,E164
O1712,C587,E233
O1713,C947,E255
O1714,C1187,E476
O1715,C1189,E294
O1716,C849,E417
O1717,C1319,E170
O1718,C42,E317
O1719,C1309,E174
O1720,C939,E470
O1721,C387,E345
O1722,C1162,E445
O1723,C1211,E18
O1724,C910,E70
O1725,C716,E338
O1726,C431,E116
O1727,C554,E80
O1728,C1440,E15
O1729,C800,E176
O1730,C426,E456
O1731,C1440,E269
O1732,C26,E119
O1733,C1395,E299
O1734,C385,E188
O1735,C56,E57
O1736,C1277,E199
O1737,C634,E17
O1738,C106,E434
O1739,C1154,E288
O1740,C849,E406
O1741,C670,E55
O1742,C376,E499
O1743,C743,E441
O1744,C967,E269
O1745,C308,E303
O1746,C91,E87
O1747,C1417,E318
O1748,C802,E438
O1749,C110,E29
O1750,C585,E22
O1751,C340,E321
O1752,C979,E285
O1753,C356,E48
O1754,C168,E5
O1755,C557,E250
O1756,C1476,E163
O1757,C905,E202
O1758,C105,E467
O1759,C150,E101
O1760,C146,E71
O1761,C716,E430
O1762,C874,E163
O1763,C299,E173
O1764,C1191,E141
O1765,C646,E138
O1766,C723,E66
O1767,C1072,E198
O1768,C638,E328
O1769,C239,E228
O1770,C1031,E281
O1771,C464,E172
O1772,C453,E316
O1773,C784,E431
O1774,C897,E40
O1775,C371,E7
O1776,C487,E174
O1777,C1235,E151
O1778,C165,E211
O1779,C1149,E302
O1780,C1361,E86
O1781,C192,E397
O1782,C730,E253
O1783,C214,E21
O1784,C574,E257
O1785,C1352,E379
O1786,C957,E403
O1787,C381,E381
O1788,C673,E444
O1789,C798,E33
O1790,C239,E260
O1791,C700,E234
O1792,C1106,E3
O1793,C1387,E347
O1794,C505,E308
O1795,C202,E489
O1796,C920,E227
O1797,C37,E284
O1798,C644,E70
O1799,C1426,E454
O1800,C765,E439
O1801,C706,E313
O1802,C1200,E364
O1803,C545,E471
O1804,C1491,E254
O1805,C1225,E481
O1806,C540,E144
O1807,C1017,E24
O1808,C394,E453
O1809,C833,E425
O1810,C1066,E234
O1811,C597,E333
O1812,C393,E175
O1813,C700,E332
O1814,C441,E325
O1815,C918,E357
O1816,C320,E159
O1817,C553,E348
O1818,C1239,E348
O1819,C1095,E286
O1820,C568,E18
O1821,C919,E44
O1822,C236,E155
O1823,C1305,E355
O1824,C987,E410
O1825,C1186,E377
O1826,C1215,E231
O1827,C1033,E497
O1828,C60,E371
O1829,C893,E316
O1830,C225,E402
O1831,C700,E225
O1832,C582,E217
O1833,C1311,E56
O1834,C994,E31
O1835,C169,E357
O1836,C1086,E59
O1837,C1373,E380
O1838,C1466,E386
O1839,C14,E353
O1840,C164,E423
O1841,C1444,E445
O1842,C757,E235
O1843,C1052,E107
O1844,C446,E191
O1845,C1232,E480
O1846,C1494,E18
O1847,C716,E401
O1848,C976,E226
O1849,C819,E167
O1850,C104,E71
O1851,C742,E362
O1852,C426,E54
O1853,C1125,E245
O1854,C639,E483
O1855,C850,E350
O1856,C1130,E76
O1857,C769,E35
O1858,C277,E267
O1859,C1089,E317
O1860,C900,E300
O1861,C188,E121
O1862,C1341,E324
O1863,C1162,E25
O1864,C1367,E432
O1865,C105,E160
O1866,C546,E84
O1867,C380,E114
O1868,C110,E223
O1869,C545,E388
O1870,C354,E166
O1871,C743,E191
O1872,C317,E175
O1873,C1290,E1
O1874,C1089,E387
O1875,C333,E229
O1876,C1157,E86
O1877,C592,E62
O1878,C783,E320
O1879,C540,E401
O1880,C735,E382
O1881,C621,E206
O1882,C619,E105
O1883,C1393,E318
O1884,C909,E291
O1885,C992,E250
O1886,C99,E13
O1887,C317,E163
O1888,C123,E43
O1889,C1344,E386
O1890,C799,E440
O1891,C457,E111
O1892,C522,E205
O1893,C520,E384
O1894,C917,E256
O1895,C717,E307
O1896,C315,E438
O1897,C709,E144
O1898,C710,E146
O1899,C1044,E391
O1900,C560,E301
O1901,C969,E164
O1902,C1154,E169
O1903,C1317,E478
O1904,C1156,E298
O1905,C356,E233
O1906,C1078,E391
O1907,C890,E271
O1908,C793,E60
O1909,C1411,E296
O1910,C265,E467
O1911,C982,E235
O1912,C1239,E165
O1913,C1484,E194
O1914,C1482,E234
O1915,C802,E368
O1916,C43,E183
O1917,C862,E333
O1918,C1302,E232
O1919,C1154,E361
O1920,C350,E491
O1921,C1130,E107
O1922,C912,E378
O1923,C1,E223
O1924,C584,E80
O1925,C432,E234
O1926,C1330,E381
O1927,C53,E184
O1928,C940,E428
O1929,C520,E185
O1930,C1354,E134
O1931,C1349,E220
O1932,C1138,E288
O1933,C147,E364
O1934,C1190,E202
O1935,C1403,E370
O1936,C1163,E146
O1937,C629,E324
O1938,C299,E127
O1939,C1300,E457
O1940,C789,E135
O1941,C850,E114
O1942,C178,E264
O1943,C842,E64
O1944,C1378,E491
O1945,C1178,E135
O1946,C1225,E41
O1947,C878,E296
O1948,C1139,E3
O1949,C759,E401
O1950,C1092,E194
O1951,C1469,E463
O1952,C445,E110
O1953,C1350,E221
O1954,C708,E370
O1955,C602,E368
O1956,C1383,E436
O1957,C145,E406
O1958,C275,E4
O1959,C509,E244
O1960,C1203,E390
O1961,C753,E166
O1962,C477,E26
O1963,C1438,E395
O1964,C1177,E474
O1965,C1128,E17
O1966,C1099,E216
O1967,C1152,E92
O1968,C666,E483
O1969,C568,E31
O1970,C1369,E205
O1971,C531,E419
O1972,C159,E400
O1973,C1450,E207
O1974,C681,E107
O1975,C23,E146
O1976,C1071,E367
O1977,C525,E101
O1978,C729,E368
O1979,C144,E318
O1980,C668,E368
O1981,C1443,E241
O1982,C681,E489
O1983,C973,E411
O1984,C799,E247
O1985,C85,E163
O1986,C416,E372
O1987,C694,E173
O1988,C482,E35
O1989,C456,E284
O1990,C827,E359
O1991,C297,E381
O1992,C1136,E358
O1993,C1254,E393
O1994,C1120,E460
O1995,C950,E399
O1996,C680,E21
O1997,C378,E308
O1998,C1180,E163
O1999,C421,E490
O2000,C105,E97
